event_id,start_time,end_time,equipment_tag,scenario_id,scenario_type,sensors_affected,context
evt_0000,2025-01-01T00:51:00,2025-01-01T00:59:30,V-101,sc_0068_failure,failure,"[""TT-101"", ""LT-101A"", ""FT-101"", ""LT-101B"", ""PT-101""]",Failure event: high_output on V-101; ALARM: PT-101 HH=75
evt_0001,2025-01-01T00:51:00,2025-01-01T00:59:30,V-101,sc_0069_failure,failure,"[""TT-101"", ""LT-101A"", ""FT-101"", ""LT-101B"", ""PT-101""]",Failure event: corrosion on V-101; ALARM: PT-101 HH=75
evt_0002,2025-01-01T00:51:00,2025-01-01T00:59:30,TK-101,sc_0070_failure,failure,"[""LT-101T"", ""TT-101T""]",Failure event: corrosion on TK-101
evt_0003,2025-01-01T00:51:00,2025-01-01T00:59:30,TK-101,sc_0071_failure,failure,"[""LT-101T"", ""TT-101T""]",Failure event: high_output on TK-101
evt_0004,2025-01-01T00:51:00,2025-01-01T00:59:30,C-201,sc_0072_failure,failure,"[""TT-201B2"", ""VT-201DE"", ""IT-201"", ""YT-201AY"", ""ST-201"", ""TT-201B1"", ""YT-201AX"", ""PT-201D"", ""FT-201"", ""TT-201D"", ""VT-201NDE"", ""TT-201S"", ""PT-201S""]",Failure event: surge on C-201
evt_0005,2025-01-01T00:51:00,2025-01-01T00:59:30,C-201,sc_0073_failure,failure,"[""TT-201B2"", ""VT-201DE"", ""IT-201"", ""YT-201AY"", ""ST-201"", ""TT-201B1"", ""YT-201AX"", ""PT-201D"", ""FT-201"", ""TT-201D"", ""VT-201NDE"", ""TT-201S"", ""PT-201S""]",Failure event: bearing_failure on C-201
evt_0006,2025-01-01T00:51:00,2025-01-01T00:59:30,C-201,sc_0074_failure,failure,"[""TT-201B2"", ""VT-201DE"", ""IT-201"", ""YT-201AY"", ""ST-201"", ""TT-201B1"", ""YT-201AX"", ""PT-201D"", ""FT-201"", ""TT-201D"", ""VT-201NDE"", ""TT-201S"", ""PT-201S""]",Failure event: fouling on C-201
evt_0007,2025-01-01T00:51:00,2025-01-01T00:59:30,C-202,sc_0075_failure,failure,"[""PT-202D"", ""PT-202S"", ""ST-202"", ""VT-202DE"", ""TT-202D""]",Failure event: surge on C-202
evt_0008,2025-01-01T00:51:00,2025-01-01T00:59:30,C-202,sc_0076_failure,failure,"[""PT-202D"", ""PT-202S"", ""ST-202"", ""VT-202DE"", ""TT-202D""]",Failure event: bearing_failure on C-202
evt_0009,2025-01-01T00:51:00,2025-01-01T00:59:30,C-202,sc_0077_failure,failure,"[""PT-202D"", ""PT-202S"", ""ST-202"", ""VT-202DE"", ""TT-202D""]",Failure event: fouling on C-202
evt_0010,2025-01-01T00:51:00,2025-01-01T00:59:30,E-201,sc_0078_failure,failure,"[""TT-201CO"", ""TT-201CI"", ""PT-201E"", ""TT-201HI"", ""PDT-201"", ""TT-201HO""]",Failure event: fouling on E-201
evt_0011,2025-01-01T00:51:00,2025-01-01T00:59:30,E-201,sc_0079_failure,failure,"[""TT-201CO"", ""TT-201CI"", ""PT-201E"", ""TT-201HI"", ""PDT-201"", ""TT-201HO""]",Failure event: tube_failure on E-201
evt_0012,2025-01-01T00:51:00,2025-01-01T00:59:30,E-201,sc_0080_failure,failure,"[""TT-201CO"", ""TT-201CI"", ""PT-201E"", ""TT-201HI"", ""PDT-201"", ""TT-201HO""]",Failure event: external_leakage on E-201
evt_0013,2025-01-01T00:51:00,2025-01-01T00:59:30,T-301,sc_0085_failure,failure,"[""TT-301T"", ""PT-301B"", ""PT-301T"", ""AT-301"", ""LT-301"", ""TT-301B""]",Failure event: fouling on T-301
evt_0014,2025-01-01T00:51:00,2025-01-01T00:59:30,T-301,sc_0086_failure,failure,"[""TT-301T"", ""PT-301B"", ""PT-301T"", ""AT-301"", ""LT-301"", ""TT-301B""]",Failure event: plugged on T-301
evt_0015,2025-01-01T00:51:00,2025-01-01T00:59:30,P-301A,sc_0089_failure,failure,"[""FT-301"", ""PT-301D"", ""PT-301S"", ""IT-301"", ""VT-301"", ""TT-301P""]",Failure event: bearing_failure on P-301A
evt_0016,2025-01-01T00:51:00,2025-01-01T00:59:30,P-301A,sc_0090_failure,failure,"[""FT-301"", ""PT-301D"", ""PT-301S"", ""IT-301"", ""VT-301"", ""TT-301P""]",Failure event: seal_failure on P-301A
evt_0017,2025-01-01T00:51:00,2025-01-01T00:59:30,P-301A,sc_0091_failure,failure,"[""FT-301"", ""PT-301D"", ""PT-301S"", ""IT-301"", ""VT-301"", ""TT-301P""]",Failure event: cavitation on P-301A
evt_0018,2025-01-01T00:51:00,2025-01-01T00:59:30,P-601A,sc_0108_failure,failure,"[""TT-601"", ""IT-601"", ""VT-601"", ""PT-601D"", ""FT-601""]",Failure event: bearing_failure on P-601A
evt_0019,2025-01-01T00:51:00,2025-01-01T00:59:30,P-601A,sc_0109_failure,failure,"[""TT-601"", ""IT-601"", ""VT-601"", ""PT-601D"", ""FT-601""]",Failure event: seal_failure on P-601A
evt_0020,2025-01-01T00:51:00,2025-01-01T00:59:30,P-601A,sc_0110_failure,failure,"[""TT-601"", ""IT-601"", ""VT-601"", ""PT-601D"", ""FT-601""]",Failure event: cavitation on P-601A
evt_0021,2025-01-01T00:51:00,2025-01-01T00:59:30,C-601,sc_0111_failure,failure,"[""TT-601IA"", ""PT-601IA""]",Failure event: surge on C-601
evt_0022,2025-01-01T00:51:00,2025-01-01T00:59:30,C-601,sc_0112_failure,failure,"[""TT-601IA"", ""PT-601IA""]",Failure event: bearing_failure on C-601; ALARM: PT-601IA HH=9
evt_0023,2025-01-01T00:51:00,2025-01-01T00:59:30,C-601,sc_0113_failure,failure,"[""TT-601IA"", ""PT-601IA""]",Failure event: fouling on C-601; ALARM: PT-601IA HH=9
evt_0024,2025-01-01T00:51:00,2025-01-01T00:51:00,P-301A,sc_0118_cascade_failure,cascade_failure,"[""FT-301"", ""PT-301D"", ""IT-301"", ""VT-301"", ""TT-301P""]",Cascade: P-301A breakdown → E-201 loss_of_cooling_flow
evt_0025,2025-01-01T00:51:30,2025-01-01T00:51:30,P-301A,sc_0118_cascade_failure,cascade_failure,"[""FT-301"", ""PT-301D"", ""IT-301"", ""VT-301"", ""TT-301P""]",Cascade: P-301A breakdown → E-201 loss_of_cooling_flow
evt_0026,2025-01-01T00:52:00,2025-01-01T00:52:00,P-301A,sc_0118_cascade_failure,cascade_failure,"[""FT-301"", ""PT-301D"", ""IT-301"", ""VT-301"", ""TT-301P""]",Cascade: P-301A breakdown → E-201 loss_of_cooling_flow
evt_0027,2025-01-01T00:52:30,2025-01-01T00:52:30,P-301A,sc_0118_cascade_failure,cascade_failure,"[""FT-301"", ""PT-301D"", ""IT-301"", ""VT-301"", ""TT-301P""]",Cascade: P-301A breakdown → E-201 loss_of_cooling_flow
evt_0028,2025-01-01T00:53:00,2025-01-01T00:53:00,P-301A,sc_0118_cascade_failure,cascade_failure,"[""FT-301"", ""PT-301D"", ""IT-301"", ""VT-301"", ""TT-301P""]",Cascade: P-301A breakdown → E-201 loss_of_cooling_flow
evt_0029,2025-01-01T00:53:30,2025-01-01T00:53:30,P-301A,sc_0118_cascade_failure,cascade_failure,"[""FT-301"", ""PT-301D"", ""IT-301"", ""VT-301"", ""TT-301P""]",Cascade: P-301A breakdown → E-201 loss_of_cooling_flow
evt_0030,2025-01-01T00:54:00,2025-01-01T00:54:00,P-301A,sc_0118_cascade_failure,cascade_failure,"[""FT-301"", ""PT-301D"", ""IT-301"", ""VT-301"", ""TT-301P""]",Cascade: P-301A breakdown → E-201 loss_of_cooling_flow
evt_0031,2025-01-01T00:54:30,2025-01-01T00:54:30,P-301A,sc_0118_cascade_failure,cascade_failure,"[""FT-301"", ""PT-301D"", ""IT-301"", ""VT-301"", ""TT-301P""]",Cascade: P-301A breakdown → E-201 loss_of_cooling_flow
evt_0032,2025-01-01T00:55:00,2025-01-01T00:55:00,P-301A,sc_0118_cascade_failure,cascade_failure,"[""FT-301"", ""PT-301D"", ""IT-301"", ""VT-301"", ""TT-301P""]",Cascade: P-301A breakdown → E-201 loss_of_cooling_flow
evt_0033,2025-01-01T00:55:30,2025-01-01T00:55:30,P-301A,sc_0118_cascade_failure,cascade_failure,"[""FT-301"", ""PT-301D"", ""IT-301"", ""VT-301"", ""TT-301P""]",Cascade: P-301A breakdown → E-201 loss_of_cooling_flow
evt_0034,2025-01-01T00:56:00,2025-01-01T00:56:00,P-301A,sc_0118_cascade_failure,cascade_failure,"[""FT-301"", ""PT-301D"", ""IT-301"", ""VT-301"", ""TT-301P""]",Cascade: P-301A breakdown → E-201 loss_of_cooling_flow
evt_0035,2025-01-01T00:56:30,2025-01-01T00:56:30,P-301A,sc_0118_cascade_failure,cascade_failure,"[""FT-301"", ""PT-301D"", ""IT-301"", ""VT-301"", ""TT-301P""]",Cascade: P-301A breakdown → E-201 loss_of_cooling_flow
evt_0036,2025-01-01T00:57:00,2025-01-01T00:57:00,P-301A,sc_0118_cascade_failure,cascade_failure,"[""FT-301"", ""PT-301D"", ""IT-301"", ""VT-301"", ""TT-301P""]",Cascade: P-301A breakdown → E-201 loss_of_cooling_flow
evt_0037,2025-01-01T00:57:30,2025-01-01T00:57:30,P-301A,sc_0118_cascade_failure,cascade_failure,"[""FT-301"", ""PT-301D"", ""IT-301"", ""VT-301"", ""TT-301P""]",Cascade: P-301A breakdown → E-201 loss_of_cooling_flow
evt_0038,2025-01-01T00:58:00,2025-01-01T00:58:00,P-301A,sc_0118_cascade_failure,cascade_failure,"[""FT-301"", ""PT-301D"", ""IT-301"", ""VT-301"", ""TT-301P""]",Cascade: P-301A breakdown → E-201 loss_of_cooling_flow
evt_0039,2025-01-01T00:58:30,2025-01-01T00:58:30,P-301A,sc_0118_cascade_failure,cascade_failure,"[""FT-301"", ""PT-301D"", ""IT-301"", ""VT-301"", ""TT-301P""]",Cascade: P-301A breakdown → E-201 loss_of_cooling_flow
evt_0040,2025-01-01T00:59:00,2025-01-01T00:59:00,P-301A,sc_0118_cascade_failure,cascade_failure,"[""FT-301"", ""PT-301D"", ""IT-301"", ""VT-301"", ""TT-301P""]",Cascade: P-301A breakdown → E-201 loss_of_cooling_flow
evt_0041,2025-01-01T00:59:30,2025-01-01T00:59:30,P-301A,sc_0118_cascade_failure,cascade_failure,"[""FT-301"", ""PT-301D"", ""IT-301"", ""VT-301"", ""TT-301P""]",Cascade: P-301A breakdown → E-201 loss_of_cooling_flow
evt_0042,2025-01-01T00:51:00,2025-01-01T00:59:30,P-301A,sc_0119_cascade_failure,cascade_failure,"[""FT-301"", ""PT-301D"", ""PT-301S"", ""IT-301"", ""VT-301"", ""TT-301P""]",Cascade: P-301A breakdown → E-301 loss_of_cooling_flow
evt_0043,2025-01-01T00:51:00,2025-01-01T00:51:00,E-201,sc_0122_cascade_failure,cascade_failure,"[""TT-201CO"", ""TT-201CI"", ""PT-201E"", ""PDT-201"", ""TT-201HO""]",Cascade: E-201 fouling → C-201 higher_suction_temperature_reduced_capacity
evt_0044,2025-01-01T00:51:30,2025-01-01T00:51:30,E-201,sc_0122_cascade_failure,cascade_failure,"[""TT-201CO"", ""TT-201CI"", ""PT-201E"", ""PDT-201"", ""TT-201HO""]",Cascade: E-201 fouling → C-201 higher_suction_temperature_reduced_capacity
evt_0045,2025-01-01T00:52:00,2025-01-01T00:52:00,E-201,sc_0122_cascade_failure,cascade_failure,"[""TT-201CO"", ""TT-201CI"", ""PT-201E"", ""PDT-201"", ""TT-201HO""]",Cascade: E-201 fouling → C-201 higher_suction_temperature_reduced_capacity
evt_0046,2025-01-01T00:52:30,2025-01-01T00:52:30,E-201,sc_0122_cascade_failure,cascade_failure,"[""TT-201CO"", ""TT-201CI"", ""PT-201E"", ""PDT-201"", ""TT-201HO""]",Cascade: E-201 fouling → C-201 higher_suction_temperature_reduced_capacity
evt_0047,2025-01-01T00:53:00,2025-01-01T00:53:00,E-201,sc_0122_cascade_failure,cascade_failure,"[""TT-201CO"", ""TT-201CI"", ""PT-201E"", ""PDT-201"", ""TT-201HO""]",Cascade: E-201 fouling → C-201 higher_suction_temperature_reduced_capacity
evt_0048,2025-01-01T00:53:30,2025-01-01T00:53:30,E-201,sc_0122_cascade_failure,cascade_failure,"[""TT-201CO"", ""TT-201CI"", ""PT-201E"", ""PDT-201"", ""TT-201HO""]",Cascade: E-201 fouling → C-201 higher_suction_temperature_reduced_capacity
evt_0049,2025-01-01T00:54:00,2025-01-01T00:54:00,E-201,sc_0122_cascade_failure,cascade_failure,"[""TT-201CO"", ""TT-201CI"", ""PT-201E"", ""PDT-201"", ""TT-201HO""]",Cascade: E-201 fouling → C-201 higher_suction_temperature_reduced_capacity
evt_0050,2025-01-01T00:54:30,2025-01-01T00:54:30,E-201,sc_0122_cascade_failure,cascade_failure,"[""TT-201CO"", ""TT-201CI"", ""PT-201E"", ""PDT-201"", ""TT-201HO""]",Cascade: E-201 fouling → C-201 higher_suction_temperature_reduced_capacity
evt_0051,2025-01-01T00:55:00,2025-01-01T00:55:00,E-201,sc_0122_cascade_failure,cascade_failure,"[""TT-201CO"", ""TT-201CI"", ""PT-201E"", ""PDT-201"", ""TT-201HO""]",Cascade: E-201 fouling → C-201 higher_suction_temperature_reduced_capacity
evt_0052,2025-01-01T00:55:30,2025-01-01T00:55:30,E-201,sc_0122_cascade_failure,cascade_failure,"[""TT-201CO"", ""TT-201CI"", ""PT-201E"", ""PDT-201"", ""TT-201HO""]",Cascade: E-201 fouling → C-201 higher_suction_temperature_reduced_capacity
evt_0053,2025-01-01T00:56:00,2025-01-01T00:56:00,E-201,sc_0122_cascade_failure,cascade_failure,"[""TT-201CO"", ""TT-201CI"", ""PT-201E"", ""PDT-201"", ""TT-201HO""]",Cascade: E-201 fouling → C-201 higher_suction_temperature_reduced_capacity
evt_0054,2025-01-01T00:56:30,2025-01-01T00:56:30,E-201,sc_0122_cascade_failure,cascade_failure,"[""TT-201CO"", ""TT-201CI"", ""PT-201E"", ""PDT-201"", ""TT-201HO""]",Cascade: E-201 fouling → C-201 higher_suction_temperature_reduced_capacity
evt_0055,2025-01-01T00:57:00,2025-01-01T00:57:00,E-201,sc_0122_cascade_failure,cascade_failure,"[""TT-201CO"", ""TT-201CI"", ""PT-201E"", ""PDT-201"", ""TT-201HO""]",Cascade: E-201 fouling → C-201 higher_suction_temperature_reduced_capacity
evt_0056,2025-01-01T00:57:30,2025-01-01T00:57:30,E-201,sc_0122_cascade_failure,cascade_failure,"[""TT-201CO"", ""TT-201CI"", ""PT-201E"", ""PDT-201"", ""TT-201HO""]",Cascade: E-201 fouling → C-201 higher_suction_temperature_reduced_capacity
evt_0057,2025-01-01T00:58:00,2025-01-01T00:58:00,E-201,sc_0122_cascade_failure,cascade_failure,"[""TT-201CO"", ""TT-201CI"", ""PT-201E"", ""PDT-201"", ""TT-201HO""]",Cascade: E-201 fouling → C-201 higher_suction_temperature_reduced_capacity
evt_0058,2025-01-01T00:58:30,2025-01-01T00:58:30,E-201,sc_0122_cascade_failure,cascade_failure,"[""TT-201CO"", ""TT-201CI"", ""PT-201E"", ""PDT-201"", ""TT-201HO""]",Cascade: E-201 fouling → C-201 higher_suction_temperature_reduced_capacity
evt_0059,2025-01-01T00:59:00,2025-01-01T00:59:00,E-201,sc_0122_cascade_failure,cascade_failure,"[""TT-201CO"", ""TT-201CI"", ""PT-201E"", ""PDT-201"", ""TT-201HO""]",Cascade: E-201 fouling → C-201 higher_suction_temperature_reduced_capacity
evt_0060,2025-01-01T00:59:30,2025-01-01T00:59:30,E-201,sc_0122_cascade_failure,cascade_failure,"[""TT-201CO"", ""TT-201CI"", ""PT-201E"", ""PDT-201"", ""TT-201HO""]",Cascade: E-201 fouling → C-201 higher_suction_temperature_reduced_capacity
evt_0061,2025-01-01T00:51:00,2025-01-01T00:51:00,E-201,sc_0123_cascade_failure,cascade_failure,"[""TT-201CO"", ""TT-201CI"", ""PT-201E"", ""PDT-201"", ""TT-201HO""]",Cascade: E-201 fouling → C-202 higher_suction_temperature_reduced_capacity
evt_0062,2025-01-01T00:51:30,2025-01-01T00:51:30,E-201,sc_0123_cascade_failure,cascade_failure,"[""TT-201CO"", ""TT-201CI"", ""PT-201E"", ""PDT-201"", ""TT-201HO""]",Cascade: E-201 fouling → C-202 higher_suction_temperature_reduced_capacity
evt_0063,2025-01-01T00:52:00,2025-01-01T00:52:00,E-201,sc_0123_cascade_failure,cascade_failure,"[""TT-201CO"", ""TT-201CI"", ""PT-201E"", ""PDT-201"", ""TT-201HO""]",Cascade: E-201 fouling → C-202 higher_suction_temperature_reduced_capacity
evt_0064,2025-01-01T00:52:30,2025-01-01T00:52:30,E-201,sc_0123_cascade_failure,cascade_failure,"[""TT-201CO"", ""TT-201CI"", ""PT-201E"", ""PDT-201"", ""TT-201HO""]",Cascade: E-201 fouling → C-202 higher_suction_temperature_reduced_capacity
evt_0065,2025-01-01T00:53:00,2025-01-01T00:53:00,E-201,sc_0123_cascade_failure,cascade_failure,"[""TT-201CO"", ""TT-201CI"", ""PT-201E"", ""PDT-201"", ""TT-201HO""]",Cascade: E-201 fouling → C-202 higher_suction_temperature_reduced_capacity
evt_0066,2025-01-01T00:53:30,2025-01-01T00:53:30,E-201,sc_0123_cascade_failure,cascade_failure,"[""TT-201CO"", ""TT-201CI"", ""PT-201E"", ""PDT-201"", ""TT-201HO""]",Cascade: E-201 fouling → C-202 higher_suction_temperature_reduced_capacity
evt_0067,2025-01-01T00:54:00,2025-01-01T00:54:00,E-201,sc_0123_cascade_failure,cascade_failure,"[""TT-201CO"", ""TT-201CI"", ""PT-201E"", ""PDT-201"", ""TT-201HO""]",Cascade: E-201 fouling → C-202 higher_suction_temperature_reduced_capacity
evt_0068,2025-01-01T00:54:30,2025-01-01T00:54:30,E-201,sc_0123_cascade_failure,cascade_failure,"[""TT-201CO"", ""TT-201CI"", ""PT-201E"", ""PDT-201"", ""TT-201HO""]",Cascade: E-201 fouling → C-202 higher_suction_temperature_reduced_capacity
evt_0069,2025-01-01T00:55:00,2025-01-01T00:55:00,E-201,sc_0123_cascade_failure,cascade_failure,"[""TT-201CO"", ""TT-201CI"", ""PT-201E"", ""PDT-201"", ""TT-201HO""]",Cascade: E-201 fouling → C-202 higher_suction_temperature_reduced_capacity
evt_0070,2025-01-01T00:55:30,2025-01-01T00:55:30,E-201,sc_0123_cascade_failure,cascade_failure,"[""TT-201CO"", ""TT-201CI"", ""PT-201E"", ""PDT-201"", ""TT-201HO""]",Cascade: E-201 fouling → C-202 higher_suction_temperature_reduced_capacity
evt_0071,2025-01-01T00:56:00,2025-01-01T00:56:00,E-201,sc_0123_cascade_failure,cascade_failure,"[""TT-201CO"", ""TT-201CI"", ""PT-201E"", ""PDT-201"", ""TT-201HO""]",Cascade: E-201 fouling → C-202 higher_suction_temperature_reduced_capacity
evt_0072,2025-01-01T00:56:30,2025-01-01T00:56:30,E-201,sc_0123_cascade_failure,cascade_failure,"[""TT-201CO"", ""TT-201CI"", ""PT-201E"", ""PDT-201"", ""TT-201HO""]",Cascade: E-201 fouling → C-202 higher_suction_temperature_reduced_capacity
evt_0073,2025-01-01T00:57:00,2025-01-01T00:57:00,E-201,sc_0123_cascade_failure,cascade_failure,"[""TT-201CO"", ""TT-201CI"", ""PT-201E"", ""PDT-201"", ""TT-201HO""]",Cascade: E-201 fouling → C-202 higher_suction_temperature_reduced_capacity
evt_0074,2025-01-01T00:57:30,2025-01-01T00:57:30,E-201,sc_0123_cascade_failure,cascade_failure,"[""TT-201CO"", ""TT-201CI"", ""PT-201E"", ""PDT-201"", ""TT-201HO""]",Cascade: E-201 fouling → C-202 higher_suction_temperature_reduced_capacity
evt_0075,2025-01-01T00:58:00,2025-01-01T00:58:00,E-201,sc_0123_cascade_failure,cascade_failure,"[""TT-201CO"", ""TT-201CI"", ""PT-201E"", ""PDT-201"", ""TT-201HO""]",Cascade: E-201 fouling → C-202 higher_suction_temperature_reduced_capacity
evt_0076,2025-01-01T00:58:30,2025-01-01T00:58:30,E-201,sc_0123_cascade_failure,cascade_failure,"[""TT-201CO"", ""TT-201CI"", ""PT-201E"", ""PDT-201"", ""TT-201HO""]",Cascade: E-201 fouling → C-202 higher_suction_temperature_reduced_capacity
evt_0077,2025-01-01T00:59:00,2025-01-01T00:59:00,E-201,sc_0123_cascade_failure,cascade_failure,"[""TT-201CO"", ""TT-201CI"", ""PT-201E"", ""PDT-201"", ""TT-201HO""]",Cascade: E-201 fouling → C-202 higher_suction_temperature_reduced_capacity
evt_0078,2025-01-01T00:59:30,2025-01-01T00:59:30,E-201,sc_0123_cascade_failure,cascade_failure,"[""TT-201CO"", ""TT-201CI"", ""PT-201E"", ""PDT-201"", ""TT-201HO""]",Cascade: E-201 fouling → C-202 higher_suction_temperature_reduced_capacity
evt_0079,2025-01-01T00:51:00,2025-01-01T00:51:00,V-101,sc_0126_cascade_failure,cascade_failure,"[""TT-101"", ""LT-101B"", ""LT-101A"", ""FT-101""]",Cascade: V-101 high_output → C-201 liquid_ingestion; ALARM: PT-101 HH=75
evt_0080,2025-01-01T00:51:30,2025-01-01T00:51:30,V-101,sc_0126_cascade_failure,cascade_failure,"[""TT-101"", ""LT-101B"", ""LT-101A"", ""FT-101""]",Cascade: V-101 high_output → C-201 liquid_ingestion; ALARM: PT-101 HH=75
evt_0081,2025-01-01T00:52:00,2025-01-01T00:52:00,V-101,sc_0126_cascade_failure,cascade_failure,"[""TT-101"", ""LT-101B"", ""LT-101A"", ""FT-101""]",Cascade: V-101 high_output → C-201 liquid_ingestion; ALARM: PT-101 HH=75
evt_0082,2025-01-01T00:52:30,2025-01-01T00:52:30,V-101,sc_0126_cascade_failure,cascade_failure,"[""TT-101"", ""LT-101B"", ""LT-101A"", ""FT-101""]",Cascade: V-101 high_output → C-201 liquid_ingestion; ALARM: PT-101 HH=75
evt_0083,2025-01-01T00:53:00,2025-01-01T00:53:00,V-101,sc_0126_cascade_failure,cascade_failure,"[""TT-101"", ""LT-101B"", ""LT-101A"", ""FT-101""]",Cascade: V-101 high_output → C-201 liquid_ingestion; ALARM: PT-101 HH=75
evt_0084,2025-01-01T00:53:30,2025-01-01T00:53:30,V-101,sc_0126_cascade_failure,cascade_failure,"[""TT-101"", ""LT-101B"", ""LT-101A"", ""FT-101""]",Cascade: V-101 high_output → C-201 liquid_ingestion; ALARM: PT-101 HH=75
evt_0085,2025-01-01T00:54:00,2025-01-01T00:54:00,V-101,sc_0126_cascade_failure,cascade_failure,"[""TT-101"", ""LT-101B"", ""LT-101A"", ""FT-101""]",Cascade: V-101 high_output → C-201 liquid_ingestion; ALARM: PT-101 HH=75
evt_0086,2025-01-01T00:54:30,2025-01-01T00:54:30,V-101,sc_0126_cascade_failure,cascade_failure,"[""TT-101"", ""LT-101B"", ""LT-101A"", ""FT-101""]",Cascade: V-101 high_output → C-201 liquid_ingestion; ALARM: PT-101 HH=75
evt_0087,2025-01-01T00:55:00,2025-01-01T00:55:00,V-101,sc_0126_cascade_failure,cascade_failure,"[""TT-101"", ""LT-101B"", ""LT-101A"", ""FT-101""]",Cascade: V-101 high_output → C-201 liquid_ingestion; ALARM: PT-101 HH=75
evt_0088,2025-01-01T00:55:30,2025-01-01T00:55:30,V-101,sc_0126_cascade_failure,cascade_failure,"[""TT-101"", ""LT-101B"", ""LT-101A"", ""FT-101""]",Cascade: V-101 high_output → C-201 liquid_ingestion; ALARM: PT-101 HH=75
evt_0089,2025-01-01T00:56:00,2025-01-01T00:56:00,V-101,sc_0126_cascade_failure,cascade_failure,"[""TT-101"", ""LT-101B"", ""LT-101A"", ""FT-101""]",Cascade: V-101 high_output → C-201 liquid_ingestion; ALARM: PT-101 HH=75
evt_0090,2025-01-01T00:56:30,2025-01-01T00:56:30,V-101,sc_0126_cascade_failure,cascade_failure,"[""TT-101"", ""LT-101B"", ""LT-101A"", ""FT-101""]",Cascade: V-101 high_output → C-201 liquid_ingestion; ALARM: PT-101 HH=75
evt_0091,2025-01-01T00:57:00,2025-01-01T00:57:00,V-101,sc_0126_cascade_failure,cascade_failure,"[""TT-101"", ""LT-101B"", ""LT-101A"", ""FT-101""]",Cascade: V-101 high_output → C-201 liquid_ingestion; ALARM: PT-101 HH=75
evt_0092,2025-01-01T00:57:30,2025-01-01T00:57:30,V-101,sc_0126_cascade_failure,cascade_failure,"[""TT-101"", ""LT-101B"", ""LT-101A"", ""FT-101""]",Cascade: V-101 high_output → C-201 liquid_ingestion; ALARM: PT-101 HH=75
evt_0093,2025-01-01T00:58:00,2025-01-01T00:58:00,V-101,sc_0126_cascade_failure,cascade_failure,"[""TT-101"", ""LT-101B"", ""LT-101A"", ""FT-101""]",Cascade: V-101 high_output → C-201 liquid_ingestion; ALARM: PT-101 HH=75
evt_0094,2025-01-01T00:58:30,2025-01-01T00:58:30,V-101,sc_0126_cascade_failure,cascade_failure,"[""TT-101"", ""LT-101B"", ""LT-101A"", ""FT-101""]",Cascade: V-101 high_output → C-201 liquid_ingestion; ALARM: PT-101 HH=75
evt_0095,2025-01-01T00:59:00,2025-01-01T00:59:00,V-101,sc_0126_cascade_failure,cascade_failure,"[""TT-101"", ""LT-101B"", ""LT-101A"", ""FT-101""]",Cascade: V-101 high_output → C-201 liquid_ingestion; ALARM: PT-101 HH=75
evt_0096,2025-01-01T00:59:30,2025-01-01T00:59:30,V-101,sc_0126_cascade_failure,cascade_failure,"[""TT-101"", ""LT-101B"", ""LT-101A"", ""FT-101""]",Cascade: V-101 high_output → C-201 liquid_ingestion; ALARM: PT-101 HH=75
evt_0097,2025-01-01T00:51:00,2025-01-01T00:51:00,V-101,sc_0127_cascade_failure,cascade_failure,"[""TT-101"", ""LT-101B"", ""LT-101A"", ""FT-101""]",Cascade: V-101 high_output → C-202 liquid_ingestion; ALARM: PT-101 HH=75
evt_0098,2025-01-01T00:51:30,2025-01-01T00:51:30,V-101,sc_0127_cascade_failure,cascade_failure,"[""TT-101"", ""LT-101B"", ""LT-101A"", ""FT-101""]",Cascade: V-101 high_output → C-202 liquid_ingestion; ALARM: PT-101 HH=75
evt_0099,2025-01-01T00:52:00,2025-01-01T00:52:00,V-101,sc_0127_cascade_failure,cascade_failure,"[""TT-101"", ""LT-101B"", ""LT-101A"", ""FT-101""]",Cascade: V-101 high_output → C-202 liquid_ingestion; ALARM: PT-101 HH=75
evt_0100,2025-01-01T00:52:30,2025-01-01T00:52:30,V-101,sc_0127_cascade_failure,cascade_failure,"[""TT-101"", ""LT-101B"", ""LT-101A"", ""FT-101""]",Cascade: V-101 high_output → C-202 liquid_ingestion; ALARM: PT-101 HH=75
evt_0101,2025-01-01T00:53:00,2025-01-01T00:53:00,V-101,sc_0127_cascade_failure,cascade_failure,"[""TT-101"", ""LT-101B"", ""LT-101A"", ""FT-101""]",Cascade: V-101 high_output → C-202 liquid_ingestion; ALARM: PT-101 HH=75
evt_0102,2025-01-01T00:53:30,2025-01-01T00:53:30,V-101,sc_0127_cascade_failure,cascade_failure,"[""TT-101"", ""LT-101B"", ""LT-101A"", ""FT-101""]",Cascade: V-101 high_output → C-202 liquid_ingestion; ALARM: PT-101 HH=75
evt_0103,2025-01-01T00:54:00,2025-01-01T00:54:00,V-101,sc_0127_cascade_failure,cascade_failure,"[""TT-101"", ""LT-101B"", ""LT-101A"", ""FT-101""]",Cascade: V-101 high_output → C-202 liquid_ingestion; ALARM: PT-101 HH=75
evt_0104,2025-01-01T00:54:30,2025-01-01T00:54:30,V-101,sc_0127_cascade_failure,cascade_failure,"[""TT-101"", ""LT-101B"", ""LT-101A"", ""FT-101""]",Cascade: V-101 high_output → C-202 liquid_ingestion; ALARM: PT-101 HH=75
evt_0105,2025-01-01T00:55:00,2025-01-01T00:55:00,V-101,sc_0127_cascade_failure,cascade_failure,"[""TT-101"", ""LT-101B"", ""LT-101A"", ""FT-101""]",Cascade: V-101 high_output → C-202 liquid_ingestion; ALARM: PT-101 HH=75
evt_0106,2025-01-01T00:55:30,2025-01-01T00:55:30,V-101,sc_0127_cascade_failure,cascade_failure,"[""TT-101"", ""LT-101B"", ""LT-101A"", ""FT-101""]",Cascade: V-101 high_output → C-202 liquid_ingestion; ALARM: PT-101 HH=75
evt_0107,2025-01-01T00:56:00,2025-01-01T00:56:00,V-101,sc_0127_cascade_failure,cascade_failure,"[""TT-101"", ""LT-101B"", ""LT-101A"", ""FT-101""]",Cascade: V-101 high_output → C-202 liquid_ingestion; ALARM: PT-101 HH=75
evt_0108,2025-01-01T00:56:30,2025-01-01T00:56:30,V-101,sc_0127_cascade_failure,cascade_failure,"[""TT-101"", ""LT-101B"", ""LT-101A"", ""FT-101""]",Cascade: V-101 high_output → C-202 liquid_ingestion; ALARM: PT-101 HH=75
evt_0109,2025-01-01T00:57:00,2025-01-01T00:57:00,V-101,sc_0127_cascade_failure,cascade_failure,"[""TT-101"", ""LT-101B"", ""LT-101A"", ""FT-101""]",Cascade: V-101 high_output → C-202 liquid_ingestion; ALARM: PT-101 HH=75
evt_0110,2025-01-01T00:57:30,2025-01-01T00:57:30,V-101,sc_0127_cascade_failure,cascade_failure,"[""TT-101"", ""LT-101B"", ""LT-101A"", ""FT-101""]",Cascade: V-101 high_output → C-202 liquid_ingestion; ALARM: PT-101 HH=75
evt_0111,2025-01-01T00:58:00,2025-01-01T00:58:00,V-101,sc_0127_cascade_failure,cascade_failure,"[""TT-101"", ""LT-101B"", ""LT-101A"", ""FT-101""]",Cascade: V-101 high_output → C-202 liquid_ingestion; ALARM: PT-101 HH=75
evt_0112,2025-01-01T00:58:30,2025-01-01T00:58:30,V-101,sc_0127_cascade_failure,cascade_failure,"[""TT-101"", ""LT-101B"", ""LT-101A"", ""FT-101""]",Cascade: V-101 high_output → C-202 liquid_ingestion; ALARM: PT-101 HH=75
evt_0113,2025-01-01T00:59:00,2025-01-01T00:59:00,V-101,sc_0127_cascade_failure,cascade_failure,"[""TT-101"", ""LT-101B"", ""LT-101A"", ""FT-101""]",Cascade: V-101 high_output → C-202 liquid_ingestion; ALARM: PT-101 HH=75
evt_0114,2025-01-01T00:59:30,2025-01-01T00:59:30,V-101,sc_0127_cascade_failure,cascade_failure,"[""TT-101"", ""LT-101B"", ""LT-101A"", ""FT-101""]",Cascade: V-101 high_output → C-202 liquid_ingestion; ALARM: PT-101 HH=75
evt_0115,2025-01-01T00:51:00,2025-01-01T00:51:00,P-301A,sc_0130_cascade_failure,cascade_failure,"[""FT-301"", ""PT-301D"", ""IT-301"", ""VT-301"", ""TT-301P""]",Cascade: P-301A breakdown → T-301 loss_of_amine_circulation
evt_0116,2025-01-01T00:51:30,2025-01-01T00:51:30,P-301A,sc_0130_cascade_failure,cascade_failure,"[""FT-301"", ""PT-301D"", ""IT-301"", ""VT-301"", ""TT-301P""]",Cascade: P-301A breakdown → T-301 loss_of_amine_circulation
evt_0117,2025-01-01T00:52:00,2025-01-01T00:52:00,P-301A,sc_0130_cascade_failure,cascade_failure,"[""FT-301"", ""PT-301D"", ""IT-301"", ""VT-301"", ""TT-301P""]",Cascade: P-301A breakdown → T-301 loss_of_amine_circulation
evt_0118,2025-01-01T00:52:30,2025-01-01T00:52:30,P-301A,sc_0130_cascade_failure,cascade_failure,"[""FT-301"", ""PT-301D"", ""IT-301"", ""VT-301"", ""TT-301P""]",Cascade: P-301A breakdown → T-301 loss_of_amine_circulation
evt_0119,2025-01-01T00:53:00,2025-01-01T00:53:00,P-301A,sc_0130_cascade_failure,cascade_failure,"[""FT-301"", ""PT-301D"", ""IT-301"", ""VT-301"", ""TT-301P""]",Cascade: P-301A breakdown → T-301 loss_of_amine_circulation
evt_0120,2025-01-01T00:53:30,2025-01-01T00:53:30,P-301A,sc_0130_cascade_failure,cascade_failure,"[""FT-301"", ""PT-301D"", ""IT-301"", ""VT-301"", ""TT-301P""]",Cascade: P-301A breakdown → T-301 loss_of_amine_circulation
evt_0121,2025-01-01T00:54:00,2025-01-01T00:54:00,P-301A,sc_0130_cascade_failure,cascade_failure,"[""FT-301"", ""PT-301D"", ""IT-301"", ""VT-301"", ""TT-301P""]",Cascade: P-301A breakdown → T-301 loss_of_amine_circulation
evt_0122,2025-01-01T00:54:30,2025-01-01T00:54:30,P-301A,sc_0130_cascade_failure,cascade_failure,"[""FT-301"", ""PT-301D"", ""IT-301"", ""VT-301"", ""TT-301P""]",Cascade: P-301A breakdown → T-301 loss_of_amine_circulation
evt_0123,2025-01-01T00:55:00,2025-01-01T00:55:00,P-301A,sc_0130_cascade_failure,cascade_failure,"[""FT-301"", ""PT-301D"", ""IT-301"", ""VT-301"", ""TT-301P""]",Cascade: P-301A breakdown → T-301 loss_of_amine_circulation
evt_0124,2025-01-01T00:55:30,2025-01-01T00:55:30,P-301A,sc_0130_cascade_failure,cascade_failure,"[""FT-301"", ""PT-301D"", ""IT-301"", ""VT-301"", ""TT-301P""]",Cascade: P-301A breakdown → T-301 loss_of_amine_circulation
evt_0125,2025-01-01T00:56:00,2025-01-01T00:56:00,P-301A,sc_0130_cascade_failure,cascade_failure,"[""FT-301"", ""PT-301D"", ""IT-301"", ""VT-301"", ""TT-301P""]",Cascade: P-301A breakdown → T-301 loss_of_amine_circulation
evt_0126,2025-01-01T00:56:30,2025-01-01T00:56:30,P-301A,sc_0130_cascade_failure,cascade_failure,"[""FT-301"", ""PT-301D"", ""IT-301"", ""VT-301"", ""TT-301P""]",Cascade: P-301A breakdown → T-301 loss_of_amine_circulation
evt_0127,2025-01-01T00:57:00,2025-01-01T00:57:00,P-301A,sc_0130_cascade_failure,cascade_failure,"[""FT-301"", ""PT-301D"", ""IT-301"", ""VT-301"", ""TT-301P""]",Cascade: P-301A breakdown → T-301 loss_of_amine_circulation
evt_0128,2025-01-01T00:57:30,2025-01-01T00:57:30,P-301A,sc_0130_cascade_failure,cascade_failure,"[""FT-301"", ""PT-301D"", ""IT-301"", ""VT-301"", ""TT-301P""]",Cascade: P-301A breakdown → T-301 loss_of_amine_circulation
evt_0129,2025-01-01T00:58:00,2025-01-01T00:58:00,P-301A,sc_0130_cascade_failure,cascade_failure,"[""FT-301"", ""PT-301D"", ""IT-301"", ""VT-301"", ""TT-301P""]",Cascade: P-301A breakdown → T-301 loss_of_amine_circulation
evt_0130,2025-01-01T00:58:30,2025-01-01T00:58:30,P-301A,sc_0130_cascade_failure,cascade_failure,"[""FT-301"", ""PT-301D"", ""IT-301"", ""VT-301"", ""TT-301P""]",Cascade: P-301A breakdown → T-301 loss_of_amine_circulation
evt_0131,2025-01-01T00:59:00,2025-01-01T00:59:00,P-301A,sc_0130_cascade_failure,cascade_failure,"[""FT-301"", ""PT-301D"", ""IT-301"", ""VT-301"", ""TT-301P""]",Cascade: P-301A breakdown → T-301 loss_of_amine_circulation
evt_0132,2025-01-01T00:59:30,2025-01-01T00:59:30,P-301A,sc_0130_cascade_failure,cascade_failure,"[""FT-301"", ""PT-301D"", ""IT-301"", ""VT-301"", ""TT-301P""]",Cascade: P-301A breakdown → T-301 loss_of_amine_circulation
evt_0133,2025-01-01T00:51:00,2025-01-01T00:59:30,P-301A,sc_0131_cascade_failure,cascade_failure,"[""FT-301"", ""PT-301D"", ""PT-301S"", ""IT-301"", ""VT-301"", ""TT-301P""]",Cascade: P-301A breakdown → T-302 loss_of_amine_circulation
evt_0134,2025-01-01T00:51:00,2025-01-01T00:59:30,C-201,sc_0134_cascade_failure,cascade_failure,"[""TT-201B2"", ""VT-201DE"", ""IT-201"", ""YT-201AY"", ""ST-201"", ""TT-201B1"", ""YT-201AX"", ""PT-201D"", ""FT-201"", ""TT-201D"", ""VT-201NDE"", ""TT-201S"", ""PT-201S""]",Cascade: C-201 breakdown → XV-101 loss_of_instrument_air
evt_0135,2025-01-01T00:51:00,2025-01-01T00:59:30,C-201,sc_0135_cascade_failure,cascade_failure,"[""TT-201B2"", ""VT-201DE"", ""IT-201"", ""YT-201AY"", ""ST-201"", ""TT-201B1"", ""YT-201AX"", ""PT-201D"", ""FT-201"", ""TT-201D"", ""VT-201NDE"", ""TT-201S"", ""PT-201S""]",Cascade: C-201 breakdown → FV-301 loss_of_instrument_air
evt_0136,2025-01-01T00:51:00,2025-01-01T00:59:30,C-202,sc_0136_cascade_failure,cascade_failure,"[""PT-202D"", ""PT-202S"", ""ST-202"", ""VT-202DE"", ""TT-202D""]",Cascade: C-202 breakdown → XV-101 loss_of_instrument_air
evt_0137,2025-01-01T00:51:00,2025-01-01T00:59:30,C-202,sc_0137_cascade_failure,cascade_failure,"[""PT-202D"", ""PT-202S"", ""ST-202"", ""VT-202DE"", ""TT-202D""]",Cascade: C-202 breakdown → FV-301 loss_of_instrument_air
evt_0138,2025-01-01T00:51:00,2025-01-01T00:51:00,P-301A,sc_0138_cascade_failure,cascade_failure,"[""FT-301"", ""PT-301D"", ""IT-301"", ""VT-301"", ""TT-301P""]",Cascade: P-301A fail_to_start → E-201 loss_of_cooling_multiple_exchangers
evt_0139,2025-01-01T00:51:30,2025-01-01T00:51:30,P-301A,sc_0138_cascade_failure,cascade_failure,"[""FT-301"", ""PT-301D"", ""IT-301"", ""VT-301"", ""TT-301P""]",Cascade: P-301A fail_to_start → E-201 loss_of_cooling_multiple_exchangers
evt_0140,2025-01-01T00:52:00,2025-01-01T00:52:00,P-301A,sc_0138_cascade_failure,cascade_failure,"[""FT-301"", ""PT-301D"", ""IT-301"", ""VT-301"", ""TT-301P""]",Cascade: P-301A fail_to_start → E-201 loss_of_cooling_multiple_exchangers
evt_0141,2025-01-01T00:52:30,2025-01-01T00:52:30,P-301A,sc_0138_cascade_failure,cascade_failure,"[""FT-301"", ""PT-301D"", ""IT-301"", ""VT-301"", ""TT-301P""]",Cascade: P-301A fail_to_start → E-201 loss_of_cooling_multiple_exchangers
evt_0142,2025-01-01T00:53:00,2025-01-01T00:53:00,P-301A,sc_0138_cascade_failure,cascade_failure,"[""FT-301"", ""PT-301D"", ""IT-301"", ""VT-301"", ""TT-301P""]",Cascade: P-301A fail_to_start → E-201 loss_of_cooling_multiple_exchangers
evt_0143,2025-01-01T00:53:30,2025-01-01T00:53:30,P-301A,sc_0138_cascade_failure,cascade_failure,"[""FT-301"", ""PT-301D"", ""IT-301"", ""VT-301"", ""TT-301P""]",Cascade: P-301A fail_to_start → E-201 loss_of_cooling_multiple_exchangers
evt_0144,2025-01-01T00:54:00,2025-01-01T00:54:00,P-301A,sc_0138_cascade_failure,cascade_failure,"[""FT-301"", ""PT-301D"", ""IT-301"", ""VT-301"", ""TT-301P""]",Cascade: P-301A fail_to_start → E-201 loss_of_cooling_multiple_exchangers
evt_0145,2025-01-01T00:54:30,2025-01-01T00:54:30,P-301A,sc_0138_cascade_failure,cascade_failure,"[""FT-301"", ""PT-301D"", ""IT-301"", ""VT-301"", ""TT-301P""]",Cascade: P-301A fail_to_start → E-201 loss_of_cooling_multiple_exchangers
evt_0146,2025-01-01T00:55:00,2025-01-01T00:55:00,P-301A,sc_0138_cascade_failure,cascade_failure,"[""FT-301"", ""PT-301D"", ""IT-301"", ""VT-301"", ""TT-301P""]",Cascade: P-301A fail_to_start → E-201 loss_of_cooling_multiple_exchangers
evt_0147,2025-01-01T00:55:30,2025-01-01T00:55:30,P-301A,sc_0138_cascade_failure,cascade_failure,"[""FT-301"", ""PT-301D"", ""IT-301"", ""VT-301"", ""TT-301P""]",Cascade: P-301A fail_to_start → E-201 loss_of_cooling_multiple_exchangers
evt_0148,2025-01-01T00:56:00,2025-01-01T00:56:00,P-301A,sc_0138_cascade_failure,cascade_failure,"[""FT-301"", ""PT-301D"", ""IT-301"", ""VT-301"", ""TT-301P""]",Cascade: P-301A fail_to_start → E-201 loss_of_cooling_multiple_exchangers
evt_0149,2025-01-01T00:56:30,2025-01-01T00:56:30,P-301A,sc_0138_cascade_failure,cascade_failure,"[""FT-301"", ""PT-301D"", ""IT-301"", ""VT-301"", ""TT-301P""]",Cascade: P-301A fail_to_start → E-201 loss_of_cooling_multiple_exchangers
evt_0150,2025-01-01T00:57:00,2025-01-01T00:57:00,P-301A,sc_0138_cascade_failure,cascade_failure,"[""FT-301"", ""PT-301D"", ""IT-301"", ""VT-301"", ""TT-301P""]",Cascade: P-301A fail_to_start → E-201 loss_of_cooling_multiple_exchangers
evt_0151,2025-01-01T00:57:30,2025-01-01T00:57:30,P-301A,sc_0138_cascade_failure,cascade_failure,"[""FT-301"", ""PT-301D"", ""IT-301"", ""VT-301"", ""TT-301P""]",Cascade: P-301A fail_to_start → E-201 loss_of_cooling_multiple_exchangers
evt_0152,2025-01-01T00:58:00,2025-01-01T00:58:00,P-301A,sc_0138_cascade_failure,cascade_failure,"[""FT-301"", ""PT-301D"", ""IT-301"", ""VT-301"", ""TT-301P""]",Cascade: P-301A fail_to_start → E-201 loss_of_cooling_multiple_exchangers
evt_0153,2025-01-01T00:58:30,2025-01-01T00:58:30,P-301A,sc_0138_cascade_failure,cascade_failure,"[""FT-301"", ""PT-301D"", ""IT-301"", ""VT-301"", ""TT-301P""]",Cascade: P-301A fail_to_start → E-201 loss_of_cooling_multiple_exchangers
evt_0154,2025-01-01T00:59:00,2025-01-01T00:59:00,P-301A,sc_0138_cascade_failure,cascade_failure,"[""FT-301"", ""PT-301D"", ""IT-301"", ""VT-301"", ""TT-301P""]",Cascade: P-301A fail_to_start → E-201 loss_of_cooling_multiple_exchangers
evt_0155,2025-01-01T00:59:30,2025-01-01T00:59:30,P-301A,sc_0138_cascade_failure,cascade_failure,"[""FT-301"", ""PT-301D"", ""IT-301"", ""VT-301"", ""TT-301P""]",Cascade: P-301A fail_to_start → E-201 loss_of_cooling_multiple_exchangers
evt_0156,2025-01-01T00:51:00,2025-01-01T00:59:30,P-301A,sc_0139_cascade_failure,cascade_failure,"[""FT-301"", ""PT-301D"", ""PT-301S"", ""IT-301"", ""VT-301"", ""TT-301P""]",Cascade: P-301A fail_to_start → E-301 loss_of_cooling_multiple_exchangers
